Workbook

Sheet Start Here
A1: Wedding Guest List, RSVP & Seating Chart
A2: Simple Sheets Co. — Excel + Google Sheets
A4: Setup
A5: 1. Guest List tab: one row per guest (put each person on their own row so meal counts are right). Mark invited, RSVP, meal, and table.
A6: 2. Dashboard shows invited vs responded vs attending, meal counts, and headcount per table.
A7: 3. Seating tab lays out tables; it pulls names by table number automatically.
A9: Conventions
A10: • Yellow cells with blue text are inputs. Type over the sample numbers.
A11: • Black text is a formula. Leave it alone unless you know what you're changing.
A12: • Green text pulls from another tab.
A13: • Works in Excel 2016+ and Google Sheets (File > Import > Upload > Replace). No macros.
A15: For planning and educational use only. Not financial, legal, or tax advice. Every number is an estimate you should verify for your own business.

Sheet Dashboard
B2: RSVP Dashboard
B3: Who's coming, what they're eating, where they're sitting.
B5: ON THE LIST | E5: INVITED | H5: ATTENDING | K5: AWAITING REPLY
B6: =Details!B3 -> 8 | E6: =Details!B4 -> 7 | H6: =Details!B6 -> 5 | K6: =Details!B8 -> 1
B9: DECLINED | E9: RESPONSE RATE
B10: =Details!B7 -> 1 | E10: =Details!B9 -> 0.85714286
N13: RSVP
N14: Attending | O14: =Details!B6 -> 5
N15: Declined | O15: =Details!B7 -> 1
N16: Awaiting | O16: =Details!B8 -> 1

Sheet Details
A1: RSVP Dashboard
A3: Guests on list | B3: =COUNTA('Guest List'!$A$5:$A$162) -> 8
A4: Invites sent | B4: =COUNTIF('Guest List'!$E$5:$E$162,"Y") -> 7
A5: Responded | B5: =COUNTIF('Guest List'!$F$5:$F$162,"Y")+COUNTIF('Guest List'!$F$5:$F$162,"N") -> 6
A6: Attending (Yes) | B6: =COUNTIF('Guest List'!$F$5:$F$162,"Y") -> 5
A7: Declined | B7: =COUNTIF('Guest List'!$F$5:$F$162,"N") -> 1
A8: Awaiting reply | B8: =COUNTIF('Guest List'!$E$5:$E$162,"Y")-COUNTIF('Guest List'!$F$5:$F$162,"Y")-COUNTIF('Guest List'!$F$5:$F$162,"N") -> 1
A9: Response rate | B9: =IF(COUNTIF('Guest List'!$E$5:$E$162,"Y")=0,0,(COUNTIF('Guest List'!$F$5:$F$162,"Y")+COUNTIF('Guest List'!$F$5:$F$162,"N"))/COUNTIF('Guest List'!$E$5:$E$162,"Y")) -> 0.85714286
A11: Meal counts (attending only) | B11: Guests
A12: Chicken | B12: =COUNTIFS('Guest List'!$F$5:$F$162,"Y",'Guest List'!$G$5:$G$162,A12) -> 2
A13: Beef | B13: =COUNTIFS('Guest List'!$F$5:$F$162,"Y",'Guest List'!$G$5:$G$162,A13) -> 1
A14: Fish | B14: =COUNTIFS('Guest List'!$F$5:$F$162,"Y",'Guest List'!$G$5:$G$162,A14) -> 1
A15: Veg | B15: =COUNTIFS('Guest List'!$F$5:$F$162,"Y",'Guest List'!$G$5:$G$162,A15) -> 1
A16: Kids | B16: =COUNTIFS('Guest List'!$F$5:$F$162,"Y",'Guest List'!$G$5:$G$162,A16) -> 0
A18: Headcount by table | B18: Guests
A19: Table 1 | B19: =COUNTIFS('Guest List'!$F$5:$F$162,"Y",'Guest List'!$H$5:$H$162,1) -> 2
A20: Table 2 | B20: =COUNTIFS('Guest List'!$F$5:$F$162,"Y",'Guest List'!$H$5:$H$162,2) -> 1
A21: Table 3 | B21: =COUNTIFS('Guest List'!$F$5:$F$162,"Y",'Guest List'!$H$5:$H$162,3) -> 2
A22: Table 4 | B22: =COUNTIFS('Guest List'!$F$5:$F$162,"Y",'Guest List'!$H$5:$H$162,4) -> 0
A23: Table 5 | B23: =COUNTIFS('Guest List'!$F$5:$F$162,"Y",'Guest List'!$H$5:$H$162,5) -> 0
A24: Table 6 | B24: =COUNTIFS('Guest List'!$F$5:$F$162,"Y",'Guest List'!$H$5:$H$162,6) -> 0
A25: Table 7 | B25: =COUNTIFS('Guest List'!$F$5:$F$162,"Y",'Guest List'!$H$5:$H$162,7) -> 0
A26: Table 8 | B26: =COUNTIFS('Guest List'!$F$5:$F$162,"Y",'Guest List'!$H$5:$H$162,8) -> 0
A27: Table 9 | B27: =COUNTIFS('Guest List'!$F$5:$F$162,"Y",'Guest List'!$H$5:$H$162,9) -> 0
A28: Table 10 | B28: =COUNTIFS('Guest List'!$F$5:$F$162,"Y",'Guest List'!$H$5:$H$162,10) -> 0
A29: Table 11 | B29: =COUNTIFS('Guest List'!$F$5:$F$162,"Y",'Guest List'!$H$5:$H$162,11) -> 0
A30: Table 12 | B30: =COUNTIFS('Guest List'!$F$5:$F$162,"Y",'Guest List'!$H$5:$H$162,12) -> 0
A31: Table 13 | B31: =COUNTIFS('Guest List'!$F$5:$F$162,"Y",'Guest List'!$H$5:$H$162,13) -> 0
A32: Table 14 | B32: =COUNTIFS('Guest List'!$F$5:$F$162,"Y",'Guest List'!$H$5:$H$162,14) -> 0
A33: Table 15 | B33: =COUNTIFS('Guest List'!$F$5:$F$162,"Y",'Guest List'!$H$5:$H$162,15) -> 0

Sheet Seating
A1: Seating Chart
A2: Names fill in from the Guest List by table number (attending guests only).
A4: Table 1 | B4: Table 2 | C4: Table 3 | D4: Table 4 | E4: Table 5 | F4: Table 6 | G4: Table 7 | H4: Table 8 | I4: Table 9 | J4: Table 10
A5: =IFERROR(INDEX('Guest List'!$A$5:$A$162,MATCH("1-1",'Guest List'!$K$5:$K$162,0)),"") -> Maria Lopez | B5: =IFERROR(INDEX('Guest List'!$A$5:$A$162,MATCH("2-1",'Guest List'!$K$5:$K$162,0)),"") -> Grace Kim | C5: =IFERROR(INDEX('Guest List'!$A$5:$A$162,MATCH("3-1",'Guest List'!$K$5:$K$162,0)),"") -> Sam Patel | D5: =IFERROR(INDEX('Guest List'!$A$5:$A$162,MATCH("4-1",'Guest List'!$K$5:$K$162,0)),"") | E5: =IFERROR(INDEX('Guest List'!$A$5:$A$162,MATCH("5-1",'Guest List'!$K$5:$K$162,0)),"") | F5: =IFERROR(INDEX('Guest List'!$A$5:$A$162,MATCH("6-1",'Guest List'!$K$5:$K$162,0)),"") | G5: =IFERROR(INDEX('Guest List'!$A$5:$A$162,MATCH("7-1",'Guest List'!$K$5:$K$162,0)),"") | H5: =IFERROR(INDEX('Guest List'!$A$5:$A$162,MATCH("8-1",'Guest List'!$K$5:$K$162,0)),"") | I5: =IFERROR(INDEX('Guest List'!$A$5:$A$162,MATCH("9-1",'Guest List'!$K$5:$K$162,0)),"") | J5: =IFERROR(INDEX('Guest List'!$A$5:$A$162,MATCH("10-1",'Guest List'!$K$5:$K$162,0)),"")
A6: =IFERROR(INDEX('Guest List'!$A$5:$A$162,MATCH("1-2",'Guest List'!$K$5:$K$162,0)),"") -> Daniel Lopez | B6: =IFERROR(INDEX('Guest List'!$A$5:$A$162,MATCH("2-2",'Guest List'!$K$5:$K$162,0)),"") | C6: =IFERROR(INDEX('Guest List'!$A$5:$A$162,MATCH("3-2",'Guest List'!$K$5:$K$162,0)),"") -> Nina Patel | D6: =IFERROR(INDEX('Guest List'!$A$5:$A$162,MATCH("4-2",'Guest List'!$K$5:$K$162,0)),"") | E6: =IFERROR(INDEX('Guest List'!$A$5:$A$162,MATCH("5-2",'Guest List'!$K$5:$K$162,0)),"") | F6: =IFERROR(INDEX('Guest List'!$A$5:$A$162,MATCH("6-2",'Guest List'!$K$5:$K$162,0)),"") | G6: =IFERROR(INDEX('Guest List'!$A$5:$A$162,MATCH("7-2",'Guest List'!$K$5:$K$162,0)),"") | H6: =IFERROR(INDEX('Guest List'!$A$5:$A$162,MATCH("8-2",'Guest List'!$K$5:$K$162,0)),"") | I6: =IFERROR(INDEX('Guest List'!$A$5:$A$162,MATCH("9-2",'Guest List'!$K$5:$K$162,0)),"") | J6: =IFERROR(INDEX('Guest List'!$A$5:$A$162,MATCH("10-2",'Guest List'!$K$5:$K$162,0)),"")
A7: =IFERROR(INDEX('Guest List'!$A$5:$A$162,MATCH("1-3",'Guest List'!$K$5:$K$162,0)),"") | B7: =IFERROR(INDEX('Guest List'!$A$5:$A$162,MATCH("2-3",'Guest List'!$K$5:$K$162,0)),"") | C7: =IFERROR(INDEX('Guest List'!$A$5:$A$162,MATCH("3-3",'Guest List'!$K$5:$K$162,0)),"") | D7: =IFERROR(INDEX('Guest List'!$A$5:$A$162,MATCH("4-3",'Guest List'!$K$5:$K$162,0)),"") | E7: =IFERROR(INDEX('Guest List'!$A$5:$A$162,MATCH("5-3",'Guest List'!$K$5:$K$162,0)),"") | F7: =IFERROR(INDEX('Guest List'!$A$5:$A$162,MATCH("6-3",'Guest List'!$K$5:$K$162,0)),"") | G7: =IFERROR(INDEX('Guest List'!$A$5:$A$162,MATCH("7-3",'Guest List'!$K$5:$K$162,0)),"") | H7: =IFERROR(INDEX('Guest List'!$A$5:$A$162,MATCH("8-3",'Guest List'!$K$5:$K$162,0)),"") | I7: =IFERROR(INDEX('Guest List'!$A$5:$A$162,MATCH("9-3",'Guest List'!$K$5:$K$162,0)),"") | J7: =IFERROR(INDEX('Guest List'!$A$5:$A$162,MATCH("10-3",'Guest List'!$K$5:$K$162,0)),"")
A8: =IFERROR(INDEX('Guest List'!$A$5:$A$162,MATCH("1-4",'Guest List'!$K$5:$K$162,0)),"") | B8: =IFERROR(INDEX('Guest List'!$A$5:$A$162,MATCH("2-4",'Guest List'!$K$5:$K$162,0)),"") | C8: =IFERROR(INDEX('Guest List'!$A$5:$A$162,MATCH("3-4",'Guest List'!$K$5:$K$162,0)),"") | D8: =IFERROR(INDEX('Guest List'!$A$5:$A$162,MATCH("4-4",'Guest List'!$K$5:$K$162,0)),"") | E8: =IFERROR(INDEX('Guest List'!$A$5:$A$162,MATCH("5-4",'Guest List'!$K$5:$K$162,0)),"") | F8: =IFERROR(INDEX('Guest List'!$A$5:$A$162,MATCH("6-4",'Guest List'!$K$5:$K$162,0)),"") | G8: =IFERROR(INDEX('Guest List'!$A$5:$A$162,MATCH("7-4",'Guest List'!$K$5:$K$162,0)),"") | H8: =IFERROR(INDEX('Guest List'!$A$5:$A$162,MATCH("8-4",'Guest List'!$K$5:$K$162,0)),"") | I8: =IFERROR(INDEX('Guest List'!$A$5:$A$162,MATCH("9-4",'Guest List'!$K$5:$K$162,0)),"") | J8: =IFERROR(INDEX('Guest List'!$A$5:$A$162,MATCH("10-4",'Guest List'!$K$5:$K$162,0)),"")
A9: =IFERROR(INDEX('Guest List'!$A$5:$A$162,MATCH("1-5",'Guest List'!$K$5:$K$162,0)),"") | B9: =IFERROR(INDEX('Guest List'!$A$5:$A$162,MATCH("2-5",'Guest List'!$K$5:$K$162,0)),"") | C9: =IFERROR(INDEX('Guest List'!$A$5:$A$162,MATCH("3-5",'Guest List'!$K$5:$K$162,0)),"") | D9: =IFERROR(INDEX('Guest List'!$A$5:$A$162,MATCH("4-5",'Guest List'!$K$5:$K$162,0)),"") | E9: =IFERROR(INDEX('Guest List'!$A$5:$A$162,MATCH("5-5",'Guest List'!$K$5:$K$162,0)),"") | F9: =IFERROR(INDEX('Guest List'!$A$5:$A$162,MATCH("6-5",'Guest List'!$K$5:$K$162,0)),"") | G9: =IFERROR(INDEX('Guest List'!$A$5:$A$162,MATCH("7-5",'Guest List'!$K$5:$K$162,0)),"") | H9: =IFERROR(INDEX('Guest List'!$A$5:$A$162,MATCH("8-5",'Guest List'!$K$5:$K$162,0)),"") | I9: =IFERROR(INDEX('Guest List'!$A$5:$A$162,MATCH("9-5",'Guest List'!$K$5:$K$162,0)),"") | J9: =IFERROR(INDEX('Guest List'!$A$5:$A$162,MATCH("10-5",'Guest List'!$K$5:$K$162,0)),"")
A10: =IFERROR(INDEX('Guest List'!$A$5:$A$162,MATCH("1-6",'Guest List'!$K$5:$K$162,0)),"") | B10: =IFERROR(INDEX('Guest List'!$A$5:$A$162,MATCH("2-6",'Guest List'!$K$5:$K$162,0)),"") | C10: =IFERROR(INDEX('Guest List'!$A$5:$A$162,MATCH("3-6",'Guest List'!$K$5:$K$162,0)),"") | D10: =IFERROR(INDEX('Guest List'!$A$5:$A$162,MATCH("4-6",'Guest List'!$K$5:$K$162,0)),"") | E10: =IFERROR(INDEX('Guest List'!$A$5:$A$162,MATCH("5-6",'Guest List'!$K$5:$K$162,0)),"") | F10: =IFERROR(INDEX('Guest List'!$A$5:$A$162,MATCH("6-6",'Guest List'!$K$5:$K$162,0)),"") | G10: =IFERROR(INDEX('Guest List'!$A$5:$A$162,MATCH("7-6",'Guest List'!$K$5:$K$162,0)),"") | H10: =IFERROR(INDEX('Guest List'!$A$5:$A$162,MATCH("8-6",'Guest List'!$K$5:$K$162,0)),"") | I10: =IFERROR(INDEX('Guest List'!$A$5:$A$162,MATCH("9-6",'Guest List'!$K$5:$K$162,0)),"") | J10: =IFERROR(INDEX('Guest List'!$A$5:$A$162,MATCH("10-6",'Guest List'!$K$5:$K$162,0)),"")
A11: =IFERROR(INDEX('Guest List'!$A$5:$A$162,MATCH("1-7",'Guest List'!$K$5:$K$162,0)),"") | B11: =IFERROR(INDEX('Guest List'!$A$5:$A$162,MATCH("2-7",'Guest List'!$K$5:$K$162,0)),"") | C11: =IFERROR(INDEX('Guest List'!$A$5:$A$162,MATCH("3-7",'Guest List'!$K$5:$K$162,0)),"") | D11: =IFERROR(INDEX('Guest List'!$A$5:$A$162,MATCH("4-7",'Guest List'!$K$5:$K$162,0)),"") | E11: =IFERROR(INDEX('Guest List'!$A$5:$A$162,MATCH("5-7",'Guest List'!$K$5:$K$162,0)),"") | F11: =IFERROR(INDEX('Guest List'!$A$5:$A$162,MATCH("6-7",'Guest List'!$K$5:$K$162,0)),"") | G11: =IFERROR(INDEX('Guest List'!$A$5:$A$162,MATCH("7-7",'Guest List'!$K$5:$K$162,0)),"") | H11: =IFERROR(INDEX('Guest List'!$A$5:$A$162,MATCH("8-7",'Guest List'!$K$5:$K$162,0)),"") | I11: =IFERROR(INDEX('Guest List'!$A$5:$A$162,MATCH("9-7",'Guest List'!$K$5:$K$162,0)),"") | J11: =IFERROR(INDEX('Guest List'!$A$5:$A$162,MATCH("10-7",'Guest List'!$K$5:$K$162,0)),"")
A12: =IFERROR(INDEX('Guest List'!$A$5:$A$162,MATCH("1-8",'Guest List'!$K$5:$K$162,0)),"") | B12: =IFERROR(INDEX('Guest List'!$A$5:$A$162,MATCH("2-8",'Guest List'!$K$5:$K$162,0)),"") | C12: =IFERROR(INDEX('Guest List'!$A$5:$A$162,MATCH("3-8",'Guest List'!$K$5:$K$162,0)),"") | D12: =IFERROR(INDEX('Guest List'!$A$5:$A$162,MATCH("4-8",'Guest List'!$K$5:$K$162,0)),"") | E12: =IFERROR(INDEX('Guest List'!$A$5:$A$162,MATCH("5-8",'Guest List'!$K$5:$K$162,0)),"") | F12: =IFERROR(INDEX('Guest List'!$A$5:$A$162,MATCH("6-8",'Guest List'!$K$5:$K$162,0)),"") | G12: =IFERROR(INDEX('Guest List'!$A$5:$A$162,MATCH("7-8",'Guest List'!$K$5:$K$162,0)),"") | H12: =IFERROR(INDEX('Guest List'!$A$5:$A$162,MATCH("8-8",'Guest List'!$K$5:$K$162,0)),"") | I12: =IFERROR(INDEX('Guest List'!$A$5:$A$162,MATCH("9-8",'Guest List'!$K$5:$K$162,0)),"") | J12: =IFERROR(INDEX('Guest List'!$A$5:$A$162,MATCH("10-8",'Guest List'!$K$5:$K$162,0)),"")
A13: =IFERROR(INDEX('Guest List'!$A$5:$A$162,MATCH("1-9",'Guest List'!$K$5:$K$162,0)),"") | B13: =IFERROR(INDEX('Guest List'!$A$5:$A$162,MATCH("2-9",'Guest List'!$K$5:$K$162,0)),"") | C13: =IFERROR(INDEX('Guest List'!$A$5:$A$162,MATCH("3-9",'Guest List'!$K$5:$K$162,0)),"") | D13: =IFERROR(INDEX('Guest List'!$A$5:$A$162,MATCH("4-9",'Guest List'!$K$5:$K$162,0)),"") | E13: =IFERROR(INDEX('Guest List'!$A$5:$A$162,MATCH("5-9",'Guest List'!$K$5:$K$162,0)),"") | F13: =IFERROR(INDEX('Guest List'!$A$5:$A$162,MATCH("6-9",'Guest List'!$K$5:$K$162,0)),"") | G13: =IFERROR(INDEX('Guest List'!$A$5:$A$162,MATCH("7-9",'Guest List'!$K$5:$K$162,0)),"") | H13: =IFERROR(INDEX('Guest List'!$A$5:$A$162,MATCH("8-9",'Guest List'!$K$5:$K$162,0)),"") | I13: =IFERROR(INDEX('Guest List'!$A$5:$A$162,MATCH("9-9",'Guest List'!$K$5:$K$162,0)),"") | J13: =IFERROR(INDEX('Guest List'!$A$5:$A$162,MATCH("10-9",'Guest List'!$K$5:$K$162,0)),"")
A14: =IFERROR(INDEX('Guest List'!$A$5:$A$162,MATCH("1-10",'Guest List'!$K$5:$K$162,0)),"") | B14: =IFERROR(INDEX('Guest List'!$A$5:$A$162,MATCH("2-10",'Guest List'!$K$5:$K$162,0)),"") | C14: =IFERROR(INDEX('Guest List'!$A$5:$A$162,MATCH("3-10",'Guest List'!$K$5:$K$162,0)),"") | D14: =IFERROR(INDEX('Guest List'!$A$5:$A$162,MATCH("4-10",'Guest List'!$K$5:$K$162,0)),"") | E14: =IFERROR(INDEX('Guest List'!$A$5:$A$162,MATCH("5-10",'Guest List'!$K$5:$K$162,0)),"") | F14: =IFERROR(INDEX('Guest List'!$A$5:$A$162,MATCH("6-10",'Guest List'!$K$5:$K$162,0)),"") | G14: =IFERROR(INDEX('Guest List'!$A$5:$A$162,MATCH("7-10",'Guest List'!$K$5:$K$162,0)),"") | H14: =IFERROR(INDEX('Guest List'!$A$5:$A$162,MATCH("8-10",'Guest List'!$K$5:$K$162,0)),"") | I14: =IFERROR(INDEX('Guest List'!$A$5:$A$162,MATCH("9-10",'Guest List'!$K$5:$K$162,0)),"") | J14: =IFERROR(INDEX('Guest List'!$A$5:$A$162,MATCH("10-10",'Guest List'!$K$5:$K$162,0)),"")
A16: Seats fill in order of the Guest List. Column K on the Guest List is a helper; leave it alone.

Sheet Guest List
A1: Guest List
A3: How to use: type your numbers in the yellow cells (blue text). Everything else calculates.
A4: Name | B4: Party / household | C4: Side | D4: Address | E4: Invite sent | F4: RSVP (Y/N/blank) | G4: Meal | H4: Table # | I4: Plus one? | J4: Dietary notes | K4: seat key
A5: Maria Lopez | B5: Lopez | C5: Bride | E5: Y | F5: Y | G5: Chicken | H5: 1 | K5: =IF(AND(H5<>"",F5="Y"),H5&"-"&COUNTIFS($H$5:H5,H5,$F$5:F5,"Y"),"") -> 1-1
A6: Daniel Lopez | B6: Lopez | C6: Bride | E6: Y | F6: Y | G6: Beef | H6: 1 | K6: =IF(AND(H6<>"",F6="Y"),H6&"-"&COUNTIFS($H$5:H6,H6,$F$5:F6,"Y"),"") -> 1-2
A7: Grace Kim | B7: Kim | C7: Bride | E7: Y | F7: Y | G7: Veg | H7: 2 | K7: =IF(AND(H7<>"",F7="Y"),H7&"-"&COUNTIFS($H$5:H7,H7,$F$5:F7,"Y"),"") -> 2-1
A8: Owen Carter | B8: Carter | C8: Groom | E8: Y | F8: N | K8: =IF(AND(H8<>"",F8="Y"),H8&"-"&COUNTIFS($H$5:H8,H8,$F$5:F8,"Y"),"")
A9: Tasha Reed | B9: Reed | C9: Groom | E9: Y | H9: 3 | K9: =IF(AND(H9<>"",F9="Y"),H9&"-"&COUNTIFS($H$5:H9,H9,$F$5:F9,"Y"),"")
A10: Sam Patel | B10: Patel | C10: Groom | E10: Y | F10: Y | G10: Chicken | H10: 3 | K10: =IF(AND(H10<>"",F10="Y"),H10&"-"&COUNTIFS($H$5:H10,H10,$F$5:F10,"Y"),"") -> 3-1
A11: Nina Patel | B11: Patel | C11: Groom | E11: Y | F11: Y | G11: Fish | H11: 3 | K11: =IF(AND(H11<>"",F11="Y"),H11&"-"&COUNTIFS($H$5:H11,H11,$F$5:F11,"Y"),"") -> 3-2
A12: Luis Ortega | B12: Ortega | C12: Bride | E12: N | K12: =IF(AND(H12<>"",F12="Y"),H12&"-"&COUNTIFS($H$5:H12,H12,$F$5:F12,"Y"),"")
K13: =IF(AND(H13<>"",F13="Y"),H13&"-"&COUNTIFS($H$5:H13,H13,$F$5:F13,"Y"),"")
K14: =IF(AND(H14<>"",F14="Y"),H14&"-"&COUNTIFS($H$5:H14,H14,$F$5:F14,"Y"),"")
K15: =IF(AND(H15<>"",F15="Y"),H15&"-"&COUNTIFS($H$5:H15,H15,$F$5:F15,"Y"),"")
K16: =IF(AND(H16<>"",F16="Y"),H16&"-"&COUNTIFS($H$5:H16,H16,$F$5:F16,"Y"),"")
K17: =IF(AND(H17<>"",F17="Y"),H17&"-"&COUNTIFS($H$5:H17,H17,$F$5:F17,"Y"),"")
K18: =IF(AND(H18<>"",F18="Y"),H18&"-"&COUNTIFS($H$5:H18,H18,$F$5:F18,"Y"),"")
K19: =IF(AND(H19<>"",F19="Y"),H19&"-"&COUNTIFS($H$5:H19,H19,$F$5:F19,"Y"),"")
K20: =IF(AND(H20<>"",F20="Y"),H20&"-"&COUNTIFS($H$5:H20,H20,$F$5:F20,"Y"),"")
K21: =IF(AND(H21<>"",F21="Y"),H21&"-"&COUNTIFS($H$5:H21,H21,$F$5:F21,"Y"),"")
K22: =IF(AND(H22<>"",F22="Y"),H22&"-"&COUNTIFS($H$5:H22,H22,$F$5:F22,"Y"),"")
K23: =IF(AND(H23<>"",F23="Y"),H23&"-"&COUNTIFS($H$5:H23,H23,$F$5:F23,"Y"),"")
K24: =IF(AND(H24<>"",F24="Y"),H24&"-"&COUNTIFS($H$5:H24,H24,$F$5:F24,"Y"),"")
... K162: =IF(AND(H162<>"",F162="Y"),H162&"-"&COUNTIFS($H$5:H162,H162,$F$5:F162,"Y"),"")
