Workbook

Sheet Start Here
A1: Wedding Planning Checklist & 12-Month Timeline
A2: Simple Sheets Co. — Excel + Google Sheets
A4: Setup
A5: 1. Enter your wedding date at the top. Every task's target date calculates from it.
A6: 2. Tick Done as you go. The status column flags anything overdue.
A7: 3. Add your own tasks at the bottom; set 'months before' and it slots in.
A9: Conventions
A10: • Yellow cells with blue text are inputs. Type over the sample numbers.
A11: • Black text is a formula. Leave it alone unless you know what you're changing.
A12: • Green text pulls from another tab.
A13: • Works in Excel 2016+ and Google Sheets (File > Import > Upload > Replace). No macros.
A15: For planning and educational use only. Not financial, legal, or tax advice. Every number is an estimate you should verify for your own business.

Sheet Dashboard
B2: Wedding Countdown
B3: Everything on the list, and how close you are.
B5: DAYS TO THE WEDDING | E5: TASKS DONE | H5: TASKS LEFT | K5: OVERDUE
B6: =Checklist!B48 -> 239 | E6: =COUNTIF(Checklist!D7:D45,"Y") -> 5 | H6: =COUNTA(Checklist!A7:A45)-COUNTIF(Checklist!D7:D45,"Y") -> 19 | K6: =Checklist!B47 -> 3
B9: DUE IN NEXT 30 DAYS | E9: WEDDING DATE
B10: =COUNTIF(Checklist!E7:E45,"Due soon") -> 2 | E10: =Checklist!B4 -> 2027-05-15
B13: Progress | N13: Status
B14: =REPT("█",ROUND(MIN(1,MAX(0,IF(COUNTA(Checklist!A7:A45)=0,0,COUNTIF(Checklist!D7:D45,"Y")/COUNTA(Checklist!A7:A45))))*40,0))&REPT("░",40-ROUND(MIN(1,MAX(0,IF(COUNTA(Checklist!A7:A45)=0,0,COUNTIF(Checklist!D7:D45,"Y")/COUNTA(Checklist!A7:A45))))*40,0))&" "&TEXT(IF(COUNTA(Checklist!A7:A45)=0,0,COUNTIF(Checklist!D7:D45,"Y")/COUNTA(Checklist!A7:A45)),"0%") -> ████████░░░░░░░░░░░░░░░░░░░░░░░░░░░░░░░░ 21% | N14: Done | O14: =COUNTIF(Checklist!D7:D45,"Y") -> 5
N15: Overdue | O15: =Checklist!B47 -> 3
B16: Next up (not done, soonest first) | N16: Upcoming | O16: =COUNTA(Checklist!A7:A45)-COUNTIF(Checklist!D7:D45,"Y")-Checklist!B47 -> 16
B17: =IFERROR(INDEX(Checklist!$A$7:$A$45,MATCH(1,Checklist!$H$7:$H$45,0)),"") -> Book DJ / band | F17: =IFERROR(INDEX(Checklist!$C$7:$C$45,MATCH(1,Checklist!$H$7:$H$45,0)),"") -> 2026-08-14
B18: =IFERROR(INDEX(Checklist!$A$7:$A$45,MATCH(2,Checklist!$H$7:$H$45,0)),"") -> Choose wedding party | F18: =IFERROR(INDEX(Checklist!$C$7:$C$45,MATCH(2,Checklist!$H$7:$H$45,0)),"") -> 2026-08-14
B19: =IFERROR(INDEX(Checklist!$A$7:$A$45,MATCH(3,Checklist!$H$7:$H$45,0)),"") -> Order dress / suit | F19: =IFERROR(INDEX(Checklist!$C$7:$C$45,MATCH(3,Checklist!$H$7:$H$45,0)),"") -> 2026-09-13
B20: =IFERROR(INDEX(Checklist!$A$7:$A$45,MATCH(4,Checklist!$H$7:$H$45,0)),"") -> Book florist | F20: =IFERROR(INDEX(Checklist!$C$7:$C$45,MATCH(4,Checklist!$H$7:$H$45,0)),"") -> 2026-10-14
B21: =IFERROR(INDEX(Checklist!$A$7:$A$45,MATCH(5,Checklist!$H$7:$H$45,0)),"") -> Book officiant | F21: =IFERROR(INDEX(Checklist!$C$7:$C$45,MATCH(5,Checklist!$H$7:$H$45,0)),"") -> 2026-10-14
B22: =IFERROR(INDEX(Checklist!$A$7:$A$45,MATCH(6,Checklist!$H$7:$H$45,0)),"") -> Send save-the-dates | F22: =IFERROR(INDEX(Checklist!$C$7:$C$45,MATCH(6,Checklist!$H$7:$H$45,0)),"") -> 2026-11-13

Sheet Checklist
A1: Wedding Checklist
A3: How to use: type your numbers in the yellow cells (blue text). Everything else calculates.
A4: Wedding date (yyyy-mm-dd) | B4: 2027-05-15
A6: Task | B6: Months before | C6: Target date | D6: Done (Y) | E6: Status | F6: Owner | G6: Notes | H6: pending #
A7: Set budget & guest count | B7: 12 | C7: =TEXT(DATEVALUE($B$4)-B7*30.4,"yyyy-mm-dd") -> 2026-05-15 | D7: Y | E7: =IF(D7="Y","Done",IF(DATEVALUE(C7)<TODAY(),"OVERDUE",IF(DATEVALUE(C7)-TODAY()<=30,"Due soon",""))) -> Done | H7: =IF(AND(A7<>"",D7<>"Y"),COUNTIFS($A$7:A7,"<>",$D$7:D7,"<>Y"),"")
A8: Book venue | B8: 12 | C8: =TEXT(DATEVALUE($B$4)-B8*30.4,"yyyy-mm-dd") -> 2026-05-15 | D8: Y | E8: =IF(D8="Y","Done",IF(DATEVALUE(C8)<TODAY(),"OVERDUE",IF(DATEVALUE(C8)-TODAY()<=30,"Due soon",""))) -> Done | H8: =IF(AND(A8<>"",D8<>"Y"),COUNTIFS($A$7:A8,"<>",$D$7:D8,"<>Y"),"")
A9: Hire planner (optional) | B9: 11 | C9: =TEXT(DATEVALUE($B$4)-B9*30.4,"yyyy-mm-dd") -> 2026-06-14 | D9: Y | E9: =IF(D9="Y","Done",IF(DATEVALUE(C9)<TODAY(),"OVERDUE",IF(DATEVALUE(C9)-TODAY()<=30,"Due soon",""))) -> Done | H9: =IF(AND(A9<>"",D9<>"Y"),COUNTIFS($A$7:A9,"<>",$D$7:D9,"<>Y"),"")
A10: Book photographer / videographer | B10: 10 | C10: =TEXT(DATEVALUE($B$4)-B10*30.4,"yyyy-mm-dd") -> 2026-07-15 | D10: Y | E10: =IF(D10="Y","Done",IF(DATEVALUE(C10)<TODAY(),"OVERDUE",IF(DATEVALUE(C10)-TODAY()<=30,"Due soon",""))) -> Done | H10: =IF(AND(A10<>"",D10<>"Y"),COUNTIFS($A$7:A10,"<>",$D$7:D10,"<>Y"),"")
A11: Book caterer | B11: 10 | C11: =TEXT(DATEVALUE($B$4)-B11*30.4,"yyyy-mm-dd") -> 2026-07-15 | D11: Y | E11: =IF(D11="Y","Done",IF(DATEVALUE(C11)<TODAY(),"OVERDUE",IF(DATEVALUE(C11)-TODAY()<=30,"Due soon",""))) -> Done | H11: =IF(AND(A11<>"",D11<>"Y"),COUNTIFS($A$7:A11,"<>",$D$7:D11,"<>Y"),"")
A12: Book DJ / band | B12: 9 | C12: =TEXT(DATEVALUE($B$4)-B12*30.4,"yyyy-mm-dd") -> 2026-08-14 | E12: =IF(D12="Y","Done",IF(DATEVALUE(C12)<TODAY(),"OVERDUE",IF(DATEVALUE(C12)-TODAY()<=30,"Due soon",""))) -> OVERDUE | H12: =IF(AND(A12<>"",D12<>"Y"),COUNTIFS($A$7:A12,"<>",$D$7:D12,"<>Y"),"") -> 1
A13: Choose wedding party | B13: 9 | C13: =TEXT(DATEVALUE($B$4)-B13*30.4,"yyyy-mm-dd") -> 2026-08-14 | E13: =IF(D13="Y","Done",IF(DATEVALUE(C13)<TODAY(),"OVERDUE",IF(DATEVALUE(C13)-TODAY()<=30,"Due soon",""))) -> OVERDUE | H13: =IF(AND(A13<>"",D13<>"Y"),COUNTIFS($A$7:A13,"<>",$D$7:D13,"<>Y"),"") -> 2
A14: Order dress / suit | B14: 8 | C14: =TEXT(DATEVALUE($B$4)-B14*30.4,"yyyy-mm-dd") -> 2026-09-13 | E14: =IF(D14="Y","Done",IF(DATEVALUE(C14)<TODAY(),"OVERDUE",IF(DATEVALUE(C14)-TODAY()<=30,"Due soon",""))) -> OVERDUE | H14: =IF(AND(A14<>"",D14<>"Y"),COUNTIFS($A$7:A14,"<>",$D$7:D14,"<>Y"),"") -> 3
A15: Book florist | B15: 7 | C15: =TEXT(DATEVALUE($B$4)-B15*30.4,"yyyy-mm-dd") -> 2026-10-14 | E15: =IF(D15="Y","Done",IF(DATEVALUE(C15)<TODAY(),"OVERDUE",IF(DATEVALUE(C15)-TODAY()<=30,"Due soon",""))) -> Due soon | H15: =IF(AND(A15<>"",D15<>"Y"),COUNTIFS($A$7:A15,"<>",$D$7:D15,"<>Y"),"") -> 4
A16: Book officiant | B16: 7 | C16: =TEXT(DATEVALUE($B$4)-B16*30.4,"yyyy-mm-dd") -> 2026-10-14 | E16: =IF(D16="Y","Done",IF(DATEVALUE(C16)<TODAY(),"OVERDUE",IF(DATEVALUE(C16)-TODAY()<=30,"Due soon",""))) -> Due soon | H16: =IF(AND(A16<>"",D16<>"Y"),COUNTIFS($A$7:A16,"<>",$D$7:D16,"<>Y"),"") -> 5
A17: Send save-the-dates | B17: 6 | C17: =TEXT(DATEVALUE($B$4)-B17*30.4,"yyyy-mm-dd") -> 2026-11-13 | E17: =IF(D17="Y","Done",IF(DATEVALUE(C17)<TODAY(),"OVERDUE",IF(DATEVALUE(C17)-TODAY()<=30,"Due soon",""))) | H17: =IF(AND(A17<>"",D17<>"Y"),COUNTIFS($A$7:A17,"<>",$D$7:D17,"<>Y"),"") -> 6
A18: Book hotel room blocks | B18: 6 | C18: =TEXT(DATEVALUE($B$4)-B18*30.4,"yyyy-mm-dd") -> 2026-11-13 | E18: =IF(D18="Y","Done",IF(DATEVALUE(C18)<TODAY(),"OVERDUE",IF(DATEVALUE(C18)-TODAY()<=30,"Due soon",""))) | H18: =IF(AND(A18<>"",D18<>"Y"),COUNTIFS($A$7:A18,"<>",$D$7:D18,"<>Y"),"") -> 7
A19: Order invitations | B19: 5 | C19: =TEXT(DATEVALUE($B$4)-B19*30.4,"yyyy-mm-dd") -> 2026-12-14 | E19: =IF(D19="Y","Done",IF(DATEVALUE(C19)<TODAY(),"OVERDUE",IF(DATEVALUE(C19)-TODAY()<=30,"Due soon",""))) | H19: =IF(AND(A19<>"",D19<>"Y"),COUNTIFS($A$7:A19,"<>",$D$7:D19,"<>Y"),"") -> 8
A20: Plan honeymoon | B20: 5 | C20: =TEXT(DATEVALUE($B$4)-B20*30.4,"yyyy-mm-dd") -> 2026-12-14 | E20: =IF(D20="Y","Done",IF(DATEVALUE(C20)<TODAY(),"OVERDUE",IF(DATEVALUE(C20)-TODAY()<=30,"Due soon",""))) | H20: =IF(AND(A20<>"",D20<>"Y"),COUNTIFS($A$7:A20,"<>",$D$7:D20,"<>Y"),"") -> 9
A21: Book hair & makeup | B21: 4 | C21: =TEXT(DATEVALUE($B$4)-B21*30.4,"yyyy-mm-dd") -> 2027-01-13 | E21: =IF(D21="Y","Done",IF(DATEVALUE(C21)<TODAY(),"OVERDUE",IF(DATEVALUE(C21)-TODAY()<=30,"Due soon",""))) | H21: =IF(AND(A21<>"",D21<>"Y"),COUNTIFS($A$7:A21,"<>",$D$7:D21,"<>Y"),"") -> 10
A22: Order cake | B22: 4 | C22: =TEXT(DATEVALUE($B$4)-B22*30.4,"yyyy-mm-dd") -> 2027-01-13 | E22: =IF(D22="Y","Done",IF(DATEVALUE(C22)<TODAY(),"OVERDUE",IF(DATEVALUE(C22)-TODAY()<=30,"Due soon",""))) | H22: =IF(AND(A22<>"",D22<>"Y"),COUNTIFS($A$7:A22,"<>",$D$7:D22,"<>Y"),"") -> 11
A23: Buy rings | B23: 4 | C23: =TEXT(DATEVALUE($B$4)-B23*30.4,"yyyy-mm-dd") -> 2027-01-13 | E23: =IF(D23="Y","Done",IF(DATEVALUE(C23)<TODAY(),"OVERDUE",IF(DATEVALUE(C23)-TODAY()<=30,"Due soon",""))) | H23: =IF(AND(A23<>"",D23<>"Y"),COUNTIFS($A$7:A23,"<>",$D$7:D23,"<>Y"),"") -> 12
... A30: Pay final balances | B30: 0.1 | C30: =TEXT(DATEVALUE($B$4)-B30*30.4,"yyyy-mm-dd") -> 2027-05-11 | E30: =IF(D30="Y","Done",IF(DATEVALUE(C30)<TODAY(),"OVERDUE",IF(DATEVALUE(C30)-TODAY()<=30,"Due soon",""))) | H30: =IF(AND(A30<>"",D30<>"Y"),COUNTIFS($A$7:A30,"<>",$D$7:D30,"<>Y"),"") -> 19
C31: =IF(B31="","",TEXT(DATEVALUE($B$4)-B31*30.4,"yyyy-mm-dd")) | E31: =IF(A31="","",IF(D31="Y","Done",IF(DATEVALUE(C31)<TODAY(),"OVERDUE",IF(DATEVALUE(C31)-TODAY()<=30,"Due soon","")))) | H31: =IF(AND(A31<>"",D31<>"Y"),COUNTIFS($A$7:A31,"<>",$D$7:D31,"<>Y"),"")
C32: =IF(B32="","",TEXT(DATEVALUE($B$4)-B32*30.4,"yyyy-mm-dd")) | E32: =IF(A32="","",IF(D32="Y","Done",IF(DATEVALUE(C32)<TODAY(),"OVERDUE",IF(DATEVALUE(C32)-TODAY()<=30,"Due soon","")))) | H32: =IF(AND(A32<>"",D32<>"Y"),COUNTIFS($A$7:A32,"<>",$D$7:D32,"<>Y"),"")
C33: =IF(B33="","",TEXT(DATEVALUE($B$4)-B33*30.4,"yyyy-mm-dd")) | E33: =IF(A33="","",IF(D33="Y","Done",IF(DATEVALUE(C33)<TODAY(),"OVERDUE",IF(DATEVALUE(C33)-TODAY()<=30,"Due soon","")))) | H33: =IF(AND(A33<>"",D33<>"Y"),COUNTIFS($A$7:A33,"<>",$D$7:D33,"<>Y"),"")
C34: =IF(B34="","",TEXT(DATEVALUE($B$4)-B34*30.4,"yyyy-mm-dd")) | E34: =IF(A34="","",IF(D34="Y","Done",IF(DATEVALUE(C34)<TODAY(),"OVERDUE",IF(DATEVALUE(C34)-TODAY()<=30,"Due soon","")))) | H34: =IF(AND(A34<>"",D34<>"Y"),COUNTIFS($A$7:A34,"<>",$D$7:D34,"<>Y"),"")
C35: =IF(B35="","",TEXT(DATEVALUE($B$4)-B35*30.4,"yyyy-mm-dd")) | E35: =IF(A35="","",IF(D35="Y","Done",IF(DATEVALUE(C35)<TODAY(),"OVERDUE",IF(DATEVALUE(C35)-TODAY()<=30,"Due soon","")))) | H35: =IF(AND(A35<>"",D35<>"Y"),COUNTIFS($A$7:A35,"<>",$D$7:D35,"<>Y"),"")
C36: =IF(B36="","",TEXT(DATEVALUE($B$4)-B36*30.4,"yyyy-mm-dd")) | E36: =IF(A36="","",IF(D36="Y","Done",IF(DATEVALUE(C36)<TODAY(),"OVERDUE",IF(DATEVALUE(C36)-TODAY()<=30,"Due soon","")))) | H36: =IF(AND(A36<>"",D36<>"Y"),COUNTIFS($A$7:A36,"<>",$D$7:D36,"<>Y"),"")
C37: =IF(B37="","",TEXT(DATEVALUE($B$4)-B37*30.4,"yyyy-mm-dd")) | E37: =IF(A37="","",IF(D37="Y","Done",IF(DATEVALUE(C37)<TODAY(),"OVERDUE",IF(DATEVALUE(C37)-TODAY()<=30,"Due soon","")))) | H37: =IF(AND(A37<>"",D37<>"Y"),COUNTIFS($A$7:A37,"<>",$D$7:D37,"<>Y"),"")
C38: =IF(B38="","",TEXT(DATEVALUE($B$4)-B38*30.4,"yyyy-mm-dd")) | E38: =IF(A38="","",IF(D38="Y","Done",IF(DATEVALUE(C38)<TODAY(),"OVERDUE",IF(DATEVALUE(C38)-TODAY()<=30,"Due soon","")))) | H38: =IF(AND(A38<>"",D38<>"Y"),COUNTIFS($A$7:A38,"<>",$D$7:D38,"<>Y"),"")
C39: =IF(B39="","",TEXT(DATEVALUE($B$4)-B39*30.4,"yyyy-mm-dd")) | E39: =IF(A39="","",IF(D39="Y","Done",IF(DATEVALUE(C39)<TODAY(),"OVERDUE",IF(DATEVALUE(C39)-TODAY()<=30,"Due soon","")))) | H39: =IF(AND(A39<>"",D39<>"Y"),COUNTIFS($A$7:A39,"<>",$D$7:D39,"<>Y"),"")
C40: =IF(B40="","",TEXT(DATEVALUE($B$4)-B40*30.4,"yyyy-mm-dd")) | E40: =IF(A40="","",IF(D40="Y","Done",IF(DATEVALUE(C40)<TODAY(),"OVERDUE",IF(DATEVALUE(C40)-TODAY()<=30,"Due soon","")))) | H40: =IF(AND(A40<>"",D40<>"Y"),COUNTIFS($A$7:A40,"<>",$D$7:D40,"<>Y"),"")
C41: =IF(B41="","",TEXT(DATEVALUE($B$4)-B41*30.4,"yyyy-mm-dd")) | E41: =IF(A41="","",IF(D41="Y","Done",IF(DATEVALUE(C41)<TODAY(),"OVERDUE",IF(DATEVALUE(C41)-TODAY()<=30,"Due soon","")))) | H41: =IF(AND(A41<>"",D41<>"Y"),COUNTIFS($A$7:A41,"<>",$D$7:D41,"<>Y"),"")
C42: =IF(B42="","",TEXT(DATEVALUE($B$4)-B42*30.4,"yyyy-mm-dd")) | E42: =IF(A42="","",IF(D42="Y","Done",IF(DATEVALUE(C42)<TODAY(),"OVERDUE",IF(DATEVALUE(C42)-TODAY()<=30,"Due soon","")))) | H42: =IF(AND(A42<>"",D42<>"Y"),COUNTIFS($A$7:A42,"<>",$D$7:D42,"<>Y"),"")
... C45: =IF(B45="","",TEXT(DATEVALUE($B$4)-B45*30.4,"yyyy-mm-dd")) | E45: =IF(A45="","",IF(D45="Y","Done",IF(DATEVALUE(C45)<TODAY(),"OVERDUE",IF(DATEVALUE(C45)-TODAY()<=30,"Due soon","")))) | H45: =IF(AND(A45<>"",D45<>"Y"),COUNTIFS($A$7:A45,"<>",$D$7:D45,"<>Y"),"")
A46: Tasks done | B46: =COUNTIF(D7:D45,"Y")&" of "&COUNTA(A7:A45) -> 5 of 24
A47: Overdue | B47: =COUNTIF(E7:E45,"OVERDUE") -> 3
A48: Days to the wedding | B48: =DATEVALUE(B4)-TODAY() -> 239
